Workbook

Sheet Summary
A1: Airtel / Nxtra Energy & Emissions: Combined Workbook
A2: All three source files in one workbook. Green = linked from another sheet; black = formula. Note the reporting years differ (see row 5).
A4: Metric | B4: Bharti Airtel (standalone) | C4: Nxtra by Airtel | D4: Unit | E4: Note
A5: Reporting year | B5: FY 2024-25 | C5: FY 2025-26 | E5: Years are not aligned; compare with care
A6: Total energy | B6: ='Airtel BRSR Data'!B8 -> 2696106 | C6: ='Nxtra Metrics'!C13 -> 3306421 | D6: GJ
A7: Grid electricity | B7: ='Airtel BRSR Data'!B5 -> 2428228 | C7: ='Nxtra Metrics'!C11 -> 2089942 | D7: GJ
A8: Grid electricity (MWh) | B8: ='Airtel Emission Factors'!B5 -> 674507.78 | C8: ='Nxtra Energy Conv'!C7 -> 580539.44 | D8: MWh | E8: GJ / 3.6
A9: Renewable energy | B9: ='Airtel BRSR Data'!B7 -> 21689 | C9: ='Nxtra Metrics'!C6 -> 1018049 | D9: GJ
A10: Renewable share of total energy | B10: =B9/B6 -> 0.008044565 | C10: =C9/C6 -> 0.3079006 | D10: % | E10: Calculated here
A11: Scope 1 emissions | B11: ='Airtel BRSR Data'!B11 -> 23218 | C11: ='Nxtra Metrics'!C14 -> 27546 | D11: tCO2e
A12: Scope 2 emissions (location-based) | B12: ='Airtel BRSR Data'!B12 -> 490367 | C12: ='Nxtra Metrics'!C16 -> 412183 | D12: tCO2e
A13: Total Scope 1 + 2 | B13: =B11+B12 -> 513585 | C13: =C11+C12 -> 439729 | D13: tCO2e | E13: Calculated here
A14: Implied grid emission factor | B14: =B12/B8 -> 0.72699977 | C14: =C12/C8 -> 0.70999999 | D14: tCO2e/MWh | E14: Scope 2 / grid MWh
A15: CEA weighted-avg grid EF, same year | B15: ='CEA Grid EF Trend'!E4 -> 0.7101023 | C15: ='CEA Grid EF Trend'!F4 -> 0.67509868 | D15: tCO2/MWh | E15: CEA CO2 Baseline Database v22.0
A16: Implied EF vs CEA weighted avg | B16: =B14/B15-1 -> 0.023795821 | C16: =C14/C15-1 -> 0.051698082 | D16: % | E16: Positive = company factor above national average
A17: CEA combined margin, same year | B17: ='CEA Grid EF Trend'!E7 -> 0.73644406 | C17: ='CEA Grid EF Trend'!F7 -> 0.70467526 | D17: tCO2/MWh
A19: Sheet guide
A20: CEA Grid EF FY25-26 | B20: India grid emission factor FY 2025-26 (CEA)
A21: CEA Grid EF Trend | B21: Grid emission factors FY 2021-22 to 2025-26 (CEA)
A22: Nxtra Metrics | B22: Nxtra sustainability report FY 2025-26: extracted metrics
A23: Nxtra Energy Conv | B23: Nxtra GJ to MWh conversion and renewable share
A24: Airtel BRSR Data | B24: Bharti Airtel BRSR FY 2024-25: energy and emissions
A25: Airtel Emission Factors | B25: Airtel derived emission factors
A27: Caveat: Airtel figures are company-wide (mostly telecom network); Nxtra is the data-centre arm. Sources are the original files on each sheet.

Sheet CEA Grid EF FY25-26
A1: India Grid Emission Factor, FY 2025-26 (CEA CO2 Baseline Database v22.0)
A2: Including RES, captive injection and cross-border transfers. Blue = inputs from CEA database; black = formulas.
A4: Input | B4: Value | C4: Unit
A5: Total CO2 emissions | B5: 1189.0381 | C5: Million tonnes
A6: Net generation (incl. imports, RES, captive) | B6: 1761.2804 | C6: BU
A7: Operating margin (OM), published | B7: 0.96341832 | C7: tCO2/MWh
A8: Build margin (BM), published | B8: 0.4459322 | C8: tCO2/MWh
A9: Weight on OM | B9: 0.5 | C9: fraction
A11: Calculated | B11: Value | C11: Unit
A12: Weighted average / Grid Emission Factor | B12: =B5/B6 -> 0.67509868 | C12: tCO2/MWh
A13: Combined margin (CM) | B13: =B9*B7+(1-B9)*B8 -> 0.70467526 | C13: tCO2/MWh
A15: Published values (Results sheet, incl. imports)
A16: Weighted average | B16: 0.67509868 | C16: tCO2/MWh
A17: Operating margin | B17: 0.96341832 | C17: tCO2/MWh
A18: Build margin | B18: 0.4459322 | C18: tCO2/MWh
A19: Combined margin | B19: 0.70467526 | C19: tCO2/MWh
A21: Source: CEA CO2 Baseline Database v22.0 (Excel, Results sheet: AA14-AA17, AA31, O41) and User Guide v22.0. https://cea.nic.in/cdm-co2-baseline-database/
A22: Calculated GEF and CM match the database Results sheet to 4 decimals.

Sheet CEA Grid EF Trend
A1: Grid emission factors, FY 2021-22 to 2025-26 (incl. cross-border transfers), tCO2/MWh
A3: Factor | B3: 2021-22 | C3: 2022-23 | D3: 2023-24 | E3: 2024-25 | F3: 2025-26
A4: Weighted average (incl. RES) | B4: 0.71135003 | C4: 0.71600316 | D4: 0.7271599 | E4: 0.7101023 | F4: 0.67509868
A5: Operating margin | B5: 0.96045619 | C5: 0.97112486 | D5: 0.96113431 | E5: 0.96097032 | F5: 0.96341832
A6: Build margin | B6: 0.86866999 | C6: 0.86674295 | D6: 0.55215182 | E6: 0.5119178 | F6: 0.4459322
A7: Combined margin | B7: 0.91456309 | C7: 0.9189339 | D7: 0.75664306 | E7: 0.73644406 | F7: 0.70467526
A9: Change in weighted average, 2024-25 to 2025-26 | B9: =F4-E4 -> -0.03500362
A10: Change over 5 years (2021-22 to 2025-26) | B10: =F4-B4 -> -0.036251345
A12: Source: CEA CO2 Baseline Database v22.0, Results sheet (incl. imports, rows 14-17). BM/CM from 2023-24 include RE generation, so they are not comparable with earlier years.

Sheet Nxtra Metrics
A1: Nxtra by Airtel – Sustainability Report FY 2025-26: Extracted Metrics
A3: Term | B3: Metric | C3: Value | D3: Unit | E3: Source in report | F3: Note
A4: MWh | B4: Renewable electricity sourced to date | C4: 686525 | D4: MWh | E4: Planet – Scope 2 section (p. 29) | F4: Cumulative, not FY-only
A5: MWh | B5: Reduction in cooling energy consumption | C5: 6623 | D5: MWh | E5: Energy efficiency section | F5: Avoided 4,702 tCO₂e
A6: Renewable | B6: Renewable energy consumption – total | C6: 1018049 | D6: GJ | E6: GRI 302-1
A7: Renewable | B7: Wind | C7: 155744 | D7: GJ | E7: GRI 302-1
A8: Renewable | B8: Solar | C8: 862305 | D8: GJ | E8: GRI 302-1
A9: Renewable | B9: Share of electricity in large DCs that is renewable | C9: 0.52 | D9: % | E9: Targets table | F9: Target: 70% by FY 2026-27
A10: Diesel | B10: Diesel consumption | C10: 198430 | D10: GJ | E10: GRI 302-1 | F10: Part of non-renewable energy
A11: Non-renewable | B11: Electricity (grid) | C11: 2089942 | D11: GJ | E11: GRI 302-1
A12: Non-renewable | B12: Non-renewable energy – total | C12: 2288372 | D12: GJ | E12: GRI 302-1
A13: Total | B13: Total energy consumption | C13: 3306421 | D13: GJ | E13: GRI 302-1
A14: Scope 1 | B14: Gross Scope 1 emissions | C14: 27546 | D14: tCO₂e | E14: GRI 305-1 | F14: Mainly diesel in standby DG sets + HFC refrigerants; down 8% YoY
A15: Scope 1 | B15: Base year emissions (FY 2022-23) | C15: 26008 | D15: tCO₂e | E15: GRI 305-1
A16: Scope 2 | B16: Location-based Scope 2 emissions | C16: 412183 | D16: tCO₂e | E16: GRI 305-2 | F16: No market-based figure reported
A17: Scope 2 | B17: Base year emissions (FY 2022-23) | C17: 360020 | D17: tCO₂e | E17: GRI 305-2
A18: Scope 2 | B18: Emissions avoided – renewable energy sourcing | C18: 213694 | D18: tCO₂e | E18: GRI 305-5
A19: PUE | B19: Emissions avoided – energy efficiency (PUE reduction) | C19: 4702 | D19: tCO₂e | E19: GRI 305-5
A20: PUE | B20: Improvement in average PUE vs FY 2020-21 baseline | C20: 0.11 | D20: % | E20: Targets table | F20: Absolute PUE value not disclosed
A21: PUE | B21: Improvement in average PUE vs last year | C21: 0.01 | D21: % | E21: Efficiency section | F21: Approx. (~1%)
A23: Source: Nxtra by Airtel Sustainability Report FY 2025-26 (ESG Factsheet and Planet section). Blue = values taken directly from the report.

Sheet Nxtra Energy Conv
A1: GJ to MWh conversion and renewable share
A3: Conversion factor (GJ per MWh) | B3: 3.6 | C3: Standard physical conversion: 1 MWh = 3.6 GJ
A5: Energy type | B5: GJ | C5: MWh (calc.) | D5: % of total energy
A6: Diesel | B6: ='Nxtra Metrics'!C10 -> 198430 | C6: =B6/$B$3 -> 55119.444 | D6: =B6/$B$12 -> 0.060013531
A7: Grid electricity | B7: ='Nxtra Metrics'!C11 -> 2089942 | C7: =B7/$B$3 -> 580539.44 | D7: =B7/$B$12 -> 0.63208587
A8: Non-renewable total | B8: ='Nxtra Metrics'!C12 -> 2288372 | C8: =B8/$B$3 -> 635658.89 | D8: =B8/$B$12 -> 0.6920994
A9: Wind | B9: ='Nxtra Metrics'!C7 -> 155744 | C9: =B9/$B$3 -> 43262.222 | D9: =B9/$B$12 -> 0.0471035
A10: Solar | B10: ='Nxtra Metrics'!C8 -> 862305 | C10: =B10/$B$3 -> 239529.17 | D10: =B10/$B$12 -> 0.2607971
A11: Renewable total | B11: ='Nxtra Metrics'!C6 -> 1018049 | C11: =B11/$B$3 -> 282791.39 | D11: =B11/$B$12 -> 0.3079006
A12: Total energy | B12: ='Nxtra Metrics'!C13 -> 3306421 | C12: =B12/$B$3 -> 918450.28 | D12: =B12/$B$12 -> 1
A14: Check: non-renewable + renewable – total (GJ) | B14: =B8+B11-B12 -> 0
A15: Scope 2 change vs base year (FY 2022-23) | B15: ='Nxtra Metrics'!C16/'Nxtra Metrics'!C17-1 -> 0.14488917
A16: Scope 1 change vs base year (FY 2022-23) | B16: ='Nxtra Metrics'!C14/'Nxtra Metrics'!C15-1 -> 0.059135651
A18: Green = linked from Key Metrics; blue/yellow = assumption. Report gives energy in GJ, so MWh figures are calculated, not reported.

Sheet Airtel BRSR Data
A1: Bharti Airtel (standalone) - Energy & Emissions, FY 2024-25
A2: Source: Airtel BRSR FY 2024-25, Principle 6, Essential Indicators 1 & 7 (PDF pp. 212-214). Blue = input from report; black = formula.
A4: Energy source | B4: Energy (GJ) | C4: Share of total
A5: Grid electricity (non-renewable) | B5: 2428228 | C5: =B5/$B$8 -> 0.90064263
A6: Fuel (mainly diesel) | B6: 246189 | C6: =B6/$B$8 -> 0.091312804
A7: Renewable electricity (solar etc.) | B7: 21689 | C7: =B7/$B$8 -> 0.008044565
A8: Total energy | B8: =SUM(B5:B7) -> 2696106 | C8: =SUM(C5:C7) -> 1 | D8: Report states total 2,696,107 GJ
A10: Emission scope | B10: Emissions (tCO2e) | C10: Share of total
A11: Scope 1 (diesel/fuel) | B11: 23218 | C11: =B11/$B$13 -> 0.045207707
A12: Scope 2 (grid electricity) | B12: 490367 | C12: =B12/$B$13 -> 0.95479229
A13: Total Scope 1 + 2 | B13: =SUM(B11:B12) -> 513585 | C13: =SUM(C11:C12) -> 1
A15: Other useful figures | B15: Value | C15: Unit / note
A16: Solar generated at network sites | B16: 5714928 | C16: kWh
A17: Diesel saved by hybrid battery banks | B17: 14915 | C17: litres
A18: Network sites tagged green | B18: 0.65 | C18: fraction of sites
A19: Nxtra data-centre energy savings | B19: 12420 | C19: MWh (FY 2024-25)
A20: Nxtra emissions avoided | B20: 9030 | C20: tCO2e (FY 2024-25)

Sheet Airtel Emission Factors
A1: Derived emission factors (calculated, not stated in the report)
A3: Item | B3: Value | C3: Unit | D3: How calculated
A4: GJ per MWh | B4: 3.6 | C4: GJ/MWh | D4: Standard conversion (1 MWh = 3.6 GJ)
A5: Grid electricity consumed | B5: ='Airtel BRSR Data'!B5/B4 -> 674507.78 | C5: MWh | D5: Grid GJ / 3.6
A6: Grid emission factor | B6: ='Airtel BRSR Data'!B12/B5 -> 0.72699977 | C6: tCO2e/MWh | D6: Scope 2 / grid MWh
A7: Diesel/fuel emission factor | B7: ='Airtel BRSR Data'!B11/'Airtel BRSR Data'!B6 -> 0.094309656 | C7: tCO2e/GJ | D7: Scope 1 / fuel GJ (slightly high; Scope 1 may include other gases)
A8: Solar emission factor (operational) | B8: 0 | C8: tCO2e/MWh | D8: Assumption: ~0 operational emissions
A9: Cross-check: Nxtra implied factor | B9: ='Airtel BRSR Data'!B20/'Airtel BRSR Data'!B19 -> 0.72705314 | C9: tCO2e/MWh | D9: Avoided tCO2e / MWh saved; should match grid factor
A11: Limitation: BRSR data is Airtel-wide (mostly telecom network); Nxtra / per-data-centre figures are not broken out.
